{
  "总样本数": 1300,
  "有效样本数": 1300,
  "无效样本数": 0,
  "关节": [
    "大臂 (Boom)",
    "小臂 (Arm)",
    "铲斗 (Bucket)",
    "回转 (Swing)"
  ],
  "MAE": [
    0.2573361098766327,
    0.3129868507385254,
    1.0175821781158447,
    1.1850723028182983
  ],
  "RMSE": [
    0.3115585744380951,
    0.37018635869026184,
    1.2033379077911377,
    2.1941335201263428
  ]
}